Protocolo da Solicitação,Código da Unidade Consumidora,Status Atual,Data de Ingresso,numero_solicitacao,nome_cliente,data
2601199327,204364443,Aguardando solicitação de vistoria e Conexão,19/01/2026,2601199327,SUELY ROMAO DANTAS DA SILVA,2026-01-19 17:27:38-03:00
2512232215,7096579211,Aguardando solicitação de vistoria e Conexão,29/12/2025,2512232215,Eudarc Goncalves de Sousa,2025-12-29 14:36:41-03:00
2512055922,7087990170,Solicitação Concluída,05/12/2025,2512055922,Laiane Santos da Silva,2025-12-16 08:43:21-03:00
2510087236,7095208031,Solicitação Concluída,08/10/2025,2510087236,Breno Rainan Braga da Silva,2025-10-08 15:55:26-03:00
2510066351,7096699640,Solicitação Concluída,23/12/2025,2510066351,ROBERIA PATROCINO DA SILVA,2025-12-23 11:47:13-03:00
2509222175,7093427976,Solicitação Concluída,22/09/2025,2509222175,Antonio Evangelista de Araujo,2025-09-22 11:50:30-03:00
2508054585,7093569979,Solicitação Cancelada,05/08/2025,2508054585,SILAS ROGERIO CAVALCANTE ROCHA,2025-08-05 15:18:33-03:00
2507105671,7061806037,Solicitação Concluída,11/07/2025,2507105671,JOMAEL PACHECO PEREIRA,2025-07-11 08:29:54-03:00
2507095198,11068146,Solicitação Concluída,09/07/2025,2507095198,ZILMA RODRIGUES PEIXINHO,2025-07-09 17:25:02-03:00
2506280528,7092290306,Solicitação Concluída,30/06/2025,2506280528,SHEILA DO AMARAL PERGENTINO TRAMONTIN,2025-06-30 08:10:16-03:00
2506218794,7042511077,Solicitação Cancelada,21/06/2025,2506218794,Pedro Dias de Souza,2025-06-21 10:32:19-03:00
2505134898,7090874785,Solicitação Cancelada,15/05/2025,2505134898,NEYLON THIAGO GOMES NASCIMENTO,2025-05-15 15:27:19-03:00
2504236101,7006296828,Solicitação Concluída,24/04/2025,2504236101,MARIA DAS MERCES DE SOUZA,2025-04-24 10:41:49-03:00
2502121236,7088552886,Solicitação Concluída,13/02/2025,2502121236,GENILSON PINHEIRO DA SILVA,2025-02-12 17:13:57-03:00
2502110847,7015006336,Solicitação Concluída,12/02/2025,2502110847,ANGELO SILVESTRE DE OLIVEIRA SANTOS,2025-02-11 22:14:25-03:00
2501316961,7089526374,Solicitação Concluída,03/02/2025,2501316961,JOSEMEIRE DA SILVA ALMEIDA,2025-01-31 15:18:53-03:00
2501285484,7084949013,Solicitação Concluída,29/01/2025,2501285484,JANE CLEIA LEITE DA SILVA,2025-01-28 15:35:12-03:00
2501223403,7088352534,Solicitação Concluída,24/01/2025,2501223403,GABRIEL CARVALHO DA SILVA,2025-01-23 15:46:55-03:00
2501140624,708494903,Solicitação Cancelada,16/01/2025,2501140624,JANE CLEIA LEITE DE SILVA,2025-01-15 15:05:39-03:00
2412067463,7066086423,Solicitação Concluída,24/01/2025,2412067463,DILMAR ALVES DE SOUSA,2025-01-23 16:36:55-03:00
2411128394,7085458668,Solicitação Concluída,13/11/2024,2411128394,ADAILSON JOS&Eacute; ANGELIM,2024-11-12 10:59:28-03:00
2410304151,7045934009,Solicitação Concluída,31/10/2024,2410304151,RENILSON DA PAIXAO FERREIRA PEIXINHO,2024-10-30 18:22:31-03:00
2410293367,7045934009,Solicitação Cancelada,30/10/2024,2410293367,RENILSON DA PAIX&Atilde;O FERREIRA PEIXINHO,2024-10-29 11:52:39-03:00
2601275928,7022014310,Em Análise Técnica,28/01/2026,2601275928,Maria Leite Dos Santos,2026-01-28 08:45:41-03:00
2601265569,4007385094,Em Análise Técnica,26/01/2026,2601265569,Maria Jacianede Almeida Campelo,2026-01-26 14:52:54-03:00
2601265479,7056599066,Em Análise Técnica,26/01/2026,2601265479,Katarina Bezerra Mendes Rios,2026-01-26 11:01:19-03:00
2601265441,2223929012,Em Análise Técnica,26/01/2026,2601265441,Hedilberto Nunes de Carvalho,2026-01-26 11:08:09-03:00
2601214411,7065057900,Aguardando solicitação de vistoria e Conexão,21/01/2026,2601214411,Leandro Silva de Moraes,2026-01-21 15:00:12-03:00
2601101713,7064855055,Solicitação Concluída,10/01/2026,2601101713,Mayara Dayse Cavalcante de Sousa,2026-01-10 10:32:06-03:00
2601091574,7046547092,Realizando vistoria e Conexão,09/01/2026,2601091574,Maria do Socorro Andrade,2026-01-09 15:57:13-03:00
2601060660,481152020,Aguardando solicitação de vistoria e Conexão,06/01/2026,2601060660,PANIF SUPERM M GRANJA LTDA,2026-01-06 16:48:30-03:00
2512228220,7003766939,Aguardando solicitação de vistoria e Conexão,22/12/2025,2512228220,Francisca Chagas do Nascimento,2025-12-22 11:51:56-03:00
2512228145,4002711740,Aguardando solicitação de vistoria e Conexão,22/12/2025,2512228145,GIOSTENES FERRAZ DA MIRANDA,2025-12-22 09:53:17-03:00
2512197905,7064557119,Aguardando solicitação de vistoria e Conexão,19/12/2025,2512197905,Euton Luiz de Alencar Delmondes,2025-12-19 16:06:52-03:00
2512167094,7064386101,Aguardando solicitação de vistoria e Conexão,16/12/2025,2512167094,Sabrina Neves Figueiredo,2025-12-16 17:44:22-03:00
2512054808,7044644082,Realizando vistoria e Conexão,15/12/2025,2512054808,Andre Cristina de Freitas R Valeriano,2025-12-18 10:46:25-03:00
2512044430,7059537371,Solicitação Concluída,04/12/2025,2512044430,FRANCISCO GILIARD MAXIMO CLEMENTINO,2026-01-12 18:24:46-03:00
2512034269,7064203490,Solicitação Concluída,03/12/2025,2512034269,Gabriel Alves Ramos,2025-12-16 15:16:19-03:00
2512023866,7046308292,Solicitação Concluída,03/12/2025,2512023866,EGAS FRANCESCHINI LARA,2025-12-16 15:18:32-03:00
2512023834,7052938877,Solicitação Concluída,02/12/2025,2512023834,Maria Sandra Mendes dos Reis Rodrigues,2025-12-17 14:07:32-03:00
2511262688,7001053340,Solicitação Concluída,26/11/2025,2511262688,Ted Airon Simoes de Vasconcelos,2025-12-17 15:34:18-03:00
2511242246,7045335016,Solicitação Concluída,24/11/2025,2511242246,Lucas Daniel Souza dos Santos,2025-12-17 14:00:17-03:00
2510236734,7062920364,Solicitação Concluída,28/10/2025,2510236734,JAINE LEINE DA SILVA TÍNEL,2025-10-28 17:21:07-03:00
2510226459,7063404645,Solicitação Concluída,22/10/2025,2510226459,GUILHERME PARENTE LINS,2025-12-17 14:09:34-03:00
2510084350,7062429814,Solicitação Concluída,08/10/2025,2510084350,EDSON LIMA SOUZA,2025-10-08 17:46:38-03:00
2510063851,1422177023,Solicitação Concluída,08/10/2025,2510063851,CICERO AMORIM DE SOUZA,2025-10-08 16:33:13-03:00
2510013161,7062214583,Solicitação Concluída,06/10/2025,2510013161,WALERIA RIBEIRO GOMES,2025-10-06 15:42:48-03:00
2509150221,7062818403,Solicitação Concluída,16/09/2025,2509150221,JOCILEIDE JACINETO DA SILVA,2025-09-16 17:32:15-03:00
2509129876,7059387990,Solicitação Concluída,12/09/2025,2509129876,ELIZANGELA DA SILVA BARBOSA GALVAO,2025-09-12 11:34:37-03:00
2509017843,7005645837,Solicitação Concluída,01/09/2025,2509017843,ELIANE MARIA DE JESUS,2025-09-01 17:01:37-03:00
2508083779,7062123332,Solicitação Concluída,09/08/2025,2508083779,VANESSA NASSYRA CASTRO DE LIMA,2025-08-09 10:55:44-03:00
2507302225,4002279091,Solicitação Concluída,05/08/2025,2507302225,IVONEIDE RODRIGUES DOS SANTOS,2025-08-05 08:24:18-03:00
2507261565,7056304600,Solicitação Concluída,28/07/2025,2507261565,TATIANE MONIK PEREIRA SANTOS,2025-07-28 15:24:08-03:00
2507180293,7061016230,Solicitação Concluída,23/07/2025,2507180293,JOSEFA DE LIMA ROCHA,2025-07-23 10:30:38-03:00
2507109007,2510231018,Solicitação Concluída,10/07/2025,2507109007,EVANDRO DA SILVA PEREIRA,2025-07-10 14:51:20-03:00
2506277000,4009517230,Solicitação Concluída,27/06/2025,2506277000,JUCILEIA JACINTO DA SILVA,2025-06-27 17:32:54-03:00
2506266762,7037990366,Solicitação Concluída,26/06/2025,2506266762,FRANCISLENE DE SOUZA DOMINGOS,2025-06-26 18:21:35-03:00
2506063905,7061109557,Solicitação Concluída,06/06/2025,2506063905,WELLINGTON PAULO SANTOS RIBEIRO,2025-06-16 20:23:44-03:00
2506033180,7060212788,Aguardando solicitação de vistoria e Conexão,09/06/2025,2506033180,HELON VIEIRA MAGALHAES SARAIVA,2025-06-17 12:08:32-03:00
2505292319,7060926373,Reprovada na Análise Técnica,09/06/2025,2505292319,LUCIANO DE LIMA UCHOA,2025-06-17 11:52:56-03:00
2505210699,7022681146,Solicitação Concluída,22/05/2025,2505210699,MARIA DAS DORES CORDEIRO LEITE,2025-06-26 15:09:18-03:00
2505129124,4010004441,Solicitação Concluída,13/05/2025,2505129124,MARIA ELIANE DOS SANTOS,2025-05-13 09:44:15-03:00
2504297024,7060278460,Solicitação Concluída,29/04/2025,2504297024,Alcilei Duarte de Oliveira,2025-04-29 11:12:29-03:00
2504246305,7040017717,Solicitação Concluída,02/05/2025,2504246305,MARLY JERONIMO DA SILVA,2025-05-02 14:00:59-03:00
2504225912,7060286145,Solicitação Concluída,23/04/2025,2504225912,VINICIUS ALMEIDA MOTA,2025-04-23 09:51:01-03:00
2504022952,7038095085,Solicitação Concluída,09/04/2025,2504022952,MARCOS JOSE DO NASCIMNENTO LEITE,2025-04-09 11:15:31-03:00
2504022899,7055632418,Solicitação Concluída,14/04/2025,2504022899,HAY NYLLON VIEIRA DA SILVA NASCIMENTO,2025-04-14 14:21:04-03:00
2503271968,7004025576,Solicitação Concluída,28/03/2025,2503271968,JOSE ANTONIO VIEIRA DE MELO,2025-03-27 17:48:42-03:00
2503200725,7059704073,Solicitação Concluída,21/03/2025,2503200725,LIDINEIDE PEREIRA MARGUES,2025-03-20 17:00:13-03:00
2503118899,7059429250,Solicitação Concluída,12/03/2025,2503118899,JOSE FILIPE OLIVEIRA DA SILVA,2025-03-11 10:47:10-03:00
2503108793,7010938435,Solicitação Concluída,11/03/2025,2503108793,EUDARC GONCALVES DE SOUSA,2025-03-10 17:48:43-03:00
2502246978,7036038343,Solicitação Concluída,26/02/2025,2502246978,BRUNA AMARAL RODRIGUES,2025-02-25 11:31:37-03:00
2502226699,7059296820,Solicitação Concluída,25/02/2025,2502226699,PAULO NILBERTO DE CARVALHO,2025-02-24 11:51:38-03:00
2502134978,7058718445,Solicitação Concluída,17/02/2025,2502134978,EDICLAN VIEIRA ALVES,2025-02-14 08:51:48-03:00
2502134928,7059008352,Solicitação Concluída,17/02/2025,2502134928,MARIA ERILENE PEREIRA DE ARAUJO,2025-02-14 08:58:21-03:00
2502114554,7058355679,Solicitação Concluída,13/02/2025,2502114554,GEANDRO MIECIO SILVA MOTA,2025-02-12 16:01:09-03:00
2502053402,4009754674,Solicitação Concluída,06/02/2025,2502053402,UBERLANIO SISNANDO DA SILVA RODRIGUES,2025-02-05 15:52:31-03:00
2412121825,7058205294,Solicitação Concluída,13/12/2024,2412121825,PAULO RIBEIURO,2024-12-12 15:18:13-03:00
2412111600,7037351240,Solicitação Concluída,13/12/2024,2412111600,ARTUR RILSON MANGABEIRA DA CUINHA,2024-12-12 08:52:25-03:00
2412060519,7023936687,Solicitação Concluída,09/12/2024,2412060519,MARIA DO SOCORRO DE MORAES CINTRA,2024-12-06 12:03:03-03:00
2412060475,7058097521,Solicitação Concluída,09/12/2024,2412060475,LAUDIGERLON DE ARAUJO SILVA,2024-12-06 10:37:41-03:00
2411299259,7057996859,Solicitação Concluída,02/12/2024,2411299259,LINO PEREIRA TELES NETO,2024-11-29 16:45:25-03:00
2411268332,7057436993,Solicitação Concluída,02/12/2024,2411268332,Cleiton Miranda de Souza,2024-11-29 17:16:24-03:00
2411207234,7041352820,Solicitação Concluída,22/11/2024,2411207234,MOISES SOLON DE FARIAS PEREIRA,2024-11-21 15:07:00-03:00
2411146508,1144247023,Solicitação Concluída,19/11/2024,2411146508,ADEILSON JOSE SANTANA FERREIRA,2024-11-18 16:42:26-03:00
2411125981,7056029170,Solicitação Concluída,13/11/2024,2411125981,VALDELICE DE SOUZA ARAUJO,2024-11-12 20:32:38-03:00
2411075174,1426532014,Solicitação Concluída,08/11/2024,2411075174,JORGE COELHO DE MACEDO,2024-11-07 18:02:17-03:00
2409116427,7056577402,Solicitação Concluída,11/09/2024,2409116427,NIVALDO ALVES FERREIRA,2024-10-08 11:03:44-03:00
2408183061,698430010,Solicitação Concluída,19/08/2024,2408183061,ELIENE DE SOUZA DANTAS,2024-10-16 10:42:03-03:00
2408061389,7055989049,Solicitação Concluída,08/08/2024,2408061389,FAUSTINO LUIZ DE SOUZA,2024-10-14 17:18:23-03:00
2407087540,7055059130,Solicitação Cancelada,08/07/2024,2407087540,JOSE ANTONIO NOBREGA DE CARVALHO,2024-10-18 09:57:00-03:00
